{
  "entries": {
    "type": "map",
    "value": {
      "items": [
        {
          "key": "Characters/Kassadin/CAC/Kassadin_Base",
          "value": {
            "items": [
              {
                "key": "mCooldown",
                "type": "f32",
                "value": 15.0
              },
              {
                "key": "mSituations",
                "type": "map",
                "value": {
                  "items": [
                    {
                      "key": "MoveOrder2D",
                      "value": {
                        "items": [
                          {
                            "key": "mRules",
                            "type": "list",
                            "value": {
                              "items": [
                                {
                                  "items": [
                                    {
                                      "key": "mRuleName",
                                      "type": "string",
                                      "value": "Move - Standard"
                                    },
                                    {
                                      "key": "mConditions",
                                      "type": "list",
                                      "value": {
                                        "items": [
                                          {
                                            "items": [
                                              {
                                                "key": "mDistance",
                                                "type": "f32",
                                                "value": 400.0
                                              },
                                              {
                                                "key": "mCompareOp",
                                                "type": "u8",
                                                "value": 3
                                              }
                                            ],
                                            "name": "ContextualConditionMoveDistance"
                                          }
                                        ],
                                        "valueType": "pointer"
                                      }
                                    },
                                    {
                                      "key": "mAudioAction",
                                      "type": "pointer",
                                      "value": {
                                        "items": [
                                          {
                                            "key": "mSelfEventName",
                                            "type": "string",
                                            "value": "Move2DStandard"
                                          },
                                          {
                                            "key": "mWaitTimeout",
                                            "type": "f32",
                                            "value": -1.0
                                          }
                                        ],
                                        "name": "ContextualActionPlayVo"
                                      }
                                    }
                                  ],
                                  "name": "ContextualRule"
                                }
                              ],
                              "valueType": "embed"
                            }
                          }
                        ],
                        "name": "ContextualSituation"
                      }
                    },
                    {
                      "key": "AttackChampion2D",
                      "value": {
                        "items": [
                          {
                            "key": "mRules",
                            "type": "list",
                            "value": {
                              "items": [
                                {
                                  "items": [
                                    {
                                      "key": "mRuleName",
                                      "type": "string",
                                      "value": "Attack - Champion"
                                    },
                                    {
                                      "key": "mAudioAction",
                                      "type": "pointer",
                                      "value": {
                                        "items": [
                                          {
                                            "key": "mSelfEventName",
                                            "type": "string",
                                            "value": "Attack2DGeneral"
                                          },
                                          {
                                            "key": "mWaitTimeout",
                                            "type": "f32",
                                            "value": -1.0
                                          }
                                        ],
                                        "name": "ContextualActionPlayVo"
                                      }
                                    }
                                  ],
                                  "name": "ContextualRule"
                                }
                              ],
                              "valueType": "embed"
                            }
                          }
                        ],
                        "name": "ContextualSituation"
                      }
                    },
                    {
                      "key": "Taunt",
                      "value": {
                        "items": [
                          {
                            "key": "mRules",
                            "type": "list",
                            "value": {
                              "items": [
                                {
                                  "items": [
                                    {
                                      "key": "mRuleName",
                                      "type": "string",
                                      "value": "Taunt"
                                    },
                                    {
                                      "key": "mAudioAction",
                                      "type": "pointer",
                                      "value": {
                                        "items": [
                                          {
                                            "key": "mSelfEventName",
                                            "type": "string",
                                            "value": "Taunt3DGeneral"
                                          },
                                          {
                                            "key": "mAllyEventName",
                                            "type": "string",
                                            "value": "Taunt3DGeneral"
                                          },
                                          {
                                            "key": "mEnemyEventName",
                                            "type": "string",
                                            "value": "Taunt3DGeneral"
                                          },
                                          {
                                            "key": "mSpectatorEventName",
                                            "type": "string",
                                            "value": "Taunt3DGeneral"
                                          }
                                        ],
                                        "name": "ContextualActionPlayVo"
                                      }
                                    },
                                    {
                                      "key": 2562089269,
                                      "type": "pointer",
                                      "value": {
                                        "items": [
                                          {
                                            "key": "IgnoreTimer",
                                            "type": "bool",
                                            "value": true
                                          }
                                        ],
                                        "name": 368500858
                                      }
                                    }
                                  ],
                                  "name": "ContextualRule"
                                }
                              ],
                              "valueType": "embed"
                            }
                          }
                        ],
                        "name": "ContextualSituation"
                      }
                    },
                    {
                      "key": "Laugh",
                      "value": {
                        "items": [
                          {
                            "key": "mRules",
                            "type": "list",
                            "value": {
                              "items": [
                                {
                                  "items": [
                                    {
                                      "key": "mRuleName",
                                      "type": "string",
                                      "value": "Laugh"
                                    },
                                    {
                                      "key": "mAudioAction",
                                      "type": "pointer",
                                      "value": {
                                        "items": [
                                          {
                                            "key": "mSelfEventName",
                                            "type": "string",
                                            "value": "Laugh3DGeneral"
                                          },
                                          {
                                            "key": "mAllyEventName",
                                            "type": "string",
                                            "value": "Laugh3DGeneral"
                                          },
                                          {
                                            "key": "mEnemyEventName",
                                            "type": "string",
                                            "value": "Laugh3DGeneral"
                                          },
                                          {
                                            "key": "mSpectatorEventName",
                                            "type": "string",
                                            "value": "Laugh3DGeneral"
                                          }
                                        ],
                                        "name": "ContextualActionPlayVo"
                                      }
                                    },
                                    {
                                      "key": 2562089269,
                                      "type": "pointer",
                                      "value": {
                                        "items": [
                                          {
                                            "key": "IgnoreTimer",
                                            "type": "bool",
                                            "value": true
                                          }
                                        ],
                                        "name": 368500858
                                      }
                                    }
                                  ],
                                  "name": "ContextualRule"
                                }
                              ],
                              "valueType": "embed"
                            }
                          }
                        ],
                        "name": "ContextualSituation"
                      }
                    },
                    {
                      "key": "AttackMinion2D",
                      "value": {
                        "items": [
                          {
                            "key": "mRules",
                            "type": "list",
                            "value": {
                              "items": [
                                {
                                  "items": [
                                    {
                                      "key": "mRuleName",
                                      "type": "string",
                                      "value": "Attack - Minion"
                                    },
                                    {
                                      "key": "mAudioAction",
                                      "type": "pointer",
                                      "value": {
                                        "items": [
                                          {
                                            "key": "mSelfEventName",
                                            "type": "string",
                                            "value": "Attack2DGeneral"
                                          }
                                        ],
                                        "name": "ContextualActionPlayVo"
                                      }
                                    }
                                  ],
                                  "name": "ContextualRule"
                                }
                              ],
                              "valueType": "embed"
                            }
                          }
                        ],
                        "name": "ContextualSituation"
                      }
                    },
                    {
                      "key": "AttackNeutral2D",
                      "value": {
                        "items": [
                          {
                            "key": "mRules",
                            "type": "list",
                            "value": {
                              "items": [
                                {
                                  "items": [
                                    {
                                      "key": "mRuleName",
                                      "type": "string",
                                      "value": "Attack - Neutral"
                                    },
                                    {
                                      "key": "mAudioAction",
                                      "type": "pointer",
                                      "value": {
                                        "items": [
                                          {
                                            "key": "mSelfEventName",
                                            "type": "string",
                                            "value": "Attack2DGeneral"
                                          }
                                        ],
                                        "name": "ContextualActionPlayVo"
                                      }
                                    }
                                  ],
                                  "name": "ContextualRule"
                                }
                              ],
                              "valueType": "embed"
                            }
                          }
                        ],
                        "name": "ContextualSituation"
                      }
                    },
                    {
                      "key": "Joke",
                      "value": {
                        "items": [
                          {
                            "key": "mRules",
                            "type": "list",
                            "value": {
                              "items": [
                                {
                                  "items": [
                                    {
                                      "key": "mRuleName",
                                      "type": "string",
                                      "value": "Joke"
                                    },
                                    {
                                      "key": "mAudioAction",
                                      "type": "pointer",
                                      "value": {
                                        "items": [
                                          {
                                            "key": "mSelfEventName",
                                            "type": "string",
                                            "value": "Joke3DGeneral"
                                          },
                                          {
                                            "key": "mAllyEventName",
                                            "type": "string",
                                            "value": "Joke3DGeneral"
                                          },
                                          {
                                            "key": "mEnemyEventName",
                                            "type": "string",
                                            "value": "Joke3DGeneral"
                                          },
                                          {
                                            "key": "mSpectatorEventName",
                                            "type": "string",
                                            "value": "Joke3DGeneral"
                                          }
                                        ],
                                        "name": "ContextualActionPlayVo"
                                      }
                                    },
                                    {
                                      "key": 2562089269,
                                      "type": "pointer",
                                      "value": {
                                        "items": [
                                          {
                                            "key": "IgnoreTimer",
                                            "type": "bool",
                                            "value": true
                                          }
                                        ],
                                        "name": 368500858
                                      }
                                    }
                                  ],
                                  "name": "ContextualRule"
                                }
                              ],
                              "valueType": "embed"
                            }
                          }
                        ],
                        "name": "ContextualSituation"
                      }
                    },
                    {
                      "key": "FirstMove2D",
                      "value": {
                        "items": [
                          {
                            "key": "mRules",
                            "type": "list",
                            "value": {
                              "items": [
                                {
                                  "items": [
                                    {
                                      "key": "mRuleName",
                                      "type": "string",
                                      "value": "First Move"
                                    },
                                    {
                                      "key": "mAudioAction",
                                      "type": "pointer",
                                      "value": {
                                        "items": [
                                          {
                                            "key": "mMaxOccurences",
                                            "type": "u32",
                                            "value": 1
                                          },
                                          {
                                            "key": "mSelfEventName",
                                            "type": "string",
                                            "value": "Move2DStandard"
                                          },
                                          {
                                            "key": "mWaitTimeout",
                                            "type": "f32",
                                            "value": -1.0
                                          }
                                        ],
                                        "name": "ContextualActionPlayVo"
                                      }
                                    },
                                    {
                                      "key": 2562089269,
                                      "type": "pointer",
                                      "value": {
                                        "items": [
                                          {
                                            "key": "IgnoreTimer",
                                            "type": "bool",
                                            "value": true
                                          }
                                        ],
                                        "name": 368500858
                                      }
                                    }
                                  ],
                                  "name": "ContextualRule"
                                }
                              ],
                              "valueType": "embed"
                            }
                          }
                        ],
                        "name": "ContextualSituation"
                      }
                    }
                  ],
                  "keyType": "hash",
                  "valueType": "embed"
                }
              },
              {
                "key": "mObjectPath",
                "type": "string",
                "value": "Characters/Kassadin/CAC/Kassadin_Base"
              }
            ],
            "name": "ContextualActionData"
          }
        }
      ],
      "keyType": "hash",
      "valueType": "embed"
    }
  },
  "linked": {
    "type": "list",
    "value": {
      "items": [],
      "valueType": "string"
    }
  },
  "type": {
    "type": "string",
    "value": "PROP"
  },
  "version": {
    "type": "u32",
    "value": 3
  }
}